Protein_groups	Std_dev	Samples	Reprod
5800	41.99470866	Sample1_Rep1	Sample1
5874	20	Sample1_Rep2	Sample1
5612	27	Sample1_Rep3	Sample1
10546	19.56754683	Sample2_Rep1	Sample2
10100	15.51343504	Sample2_Rep2	Sample2
10900	61.2825877	Sample2_Rep3	Sample2
3000	11.6714276	Sample3_Rep1	Sample3
3250	47.26050736	Sample3_Rep2	Sample3
3600	53.54333655	Sample3_Rep3	Sample3
4250	15.1510909	Sample4_Rep1	Sample4
4896	30.46673961	Sample4_Rep2	Sample4
5321	56.31064632	Sample4_Rep3	Sample4
